{
  "DirectoryPath": "C:\\Users\\jonat\\OneDrive\\Desktop\\DevProjects\\DirectoryTree2TXT\\DirectoryTree2TXT",
  "ExclusionEntries": [
    {
      "Name": "bin",
      "Ignore": true
    },
    {
      "Name": "obj",
      "Ignore": true
    },
    {
      "Name": "App.xaml",
      "Ignore": true
    },
    {
      "Name": "App.xaml.cs",
      "Ignore": true
    },
    {
      "Name": "AssemblyInfo.cs",
      "Ignore": true
    },
    {
      "Name": "DirectoryTree2TXT.csproj",
      "Ignore": true
    },
    {
      "Name": "DirectoryTree2TXT.csproj.user",
      "Ignore": true
    },
    {
      "Name": "directorytree_edited.ico",
      "Ignore": true
    },
    {
      "Name": "TODO.txt",
      "Ignore": true
    }
  ],
  "ShowContents": true
}